,id,created_at,original_text,clean_text,polarity,subjectivity,favorite_count,retweet_count,possibly_sensitive,hashtags,user_mentions,place
0,1250214610218688512,Wed Apr 15 00:09:25 +0000 2020,To make the situation worse @IkejaElectric did not supply so windows need to be opened. Don't know what is best in this situation as securities adviced all residents to put off their generator by 10p.m,To make situation worse supply windows need opened Do n't know best situation securities adviced residents put generator p.m,0.3,0.44999999999999996,0,0,,,IkejaElectric,"Ikotun, Nigeria"
1,1250237440629104640,Wed Apr 15 01:40:08 +0000 2020,Kindly help retweet to stop #airpollution through burning of tyres @Omojuwa @DrOlusesan @ChiefOjukwu https://t.co/5SPEexwC2c,Kindly help retweet stop burning tyres,0.6,0.9,0,0,False,airpollution,"Omojuwa, DrOlusesan, ChiefOjukwu","Ikotun, Nigeria"
2,1283785146064416771,Thu Jul 16 15:26:45 +0000 2020,"@OstenLaboratory 

Quality is our watchword. 
We deliver exceptional results.

How has ur day been?

#ostenlaboratory #fieldwork #thursdaymotivation #fields #sampling #airquality #clearenergy #ostenclearenergy @‚Ä¶ https://t.co/kIKaoIsPXZ",Quality watchword We deliver exceptional results.How ur day,0.6666666666666666,1.0,2,1,False,"ostenlaboratory, fieldwork, thursdaymotivation, fields, sampling, airquality, clearenergy, ostenclearenergy",OstenLaboratory,"Lagos, Nigeria"
3,1288028180935249920,Tue Jul 28 08:27:03 +0000 2020,"Osten Laboratory
its always something new and excting when you love what you do.

#airquality #sampecollection #ostenlaboratory #ostenteam @ Lagos, Nigeria https://t.co/n7jCdHYeKm",Osten Laboratoryits always something new excting love Lagos Nigeria,0.3181818181818182,0.5272727272727272,3,0,False,"airquality, sampecollection, ostenlaboratory, ostenteam",,"Lagos, Nigeria"
4,1285860739245195265,Wed Jul 22 08:54:25 +0000 2020,"Air Purifier üçÉ

Purifies the air while diffusing fragrance into your space. This is a must-have!

Fragrances sold separately.

Air Purifier- #17,500
Fragrance - #5,500

#airpurifier #cleanair #perfumemist #home‚Ä¶ https://t.co/qWMWShScV3","Air Purifier Purifies air diffusing fragrance space This must-have Fragrances sold separately.Air Purifier- ,500Fragrance ,500",0.0,0.0,0,4,False,"airpurifier, cleanair, perfumemist, home",,"Lagos, Nigeria"
5,1249714663467737089,Mon Apr 13 15:02:49 +0000 2020,"Good evening Nigeria...hope your are edifying you‚Äôre body as much as your soul? #freshair #freshface #freshcut #selfdevelopment #selfawareness #unlearntolearnagain @ Lagos, Nigeria https://t.co/jntvNpAgai",Good evening Nigeria ... hope edifying youre body much soul Lagos Nigeria,0.44999999999999996,0.4,0,0,False,"freshair, freshface, freshcut, selfdevelopment, selfawareness, unlearntolearnagain",,"Lagos, Nigeria"
6,1276212486975492099,Thu Jun 25 17:55:42 +0000 2020,"SOFT PINK FLORAL BORDER FABRIC 
LENGHT BY 60
BALL DRESS STYLE INSPIRATION 

#fashionista #lagosboutique #african #follow #ankarafashion #nigerianwomen #naijafashiondaily #ankara #freshair #nigerianweddings‚Ä¶ https://t.co/tIS4S7BtIX",SOFT PINK FLORAL BORDER FABRIC LENGHT BY BALL DRESS STYLE INSPIRATION,0.0,0.32499999999999996,0,0,False,"fashionista, lagosboutique, african, follow, ankarafashion, nigerianwomen, naijafashiondaily, ankara, freshair, nigerianweddings",,"Lagos, Nigeria"
7,1276214174524116993,Thu Jun 25 18:02:24 +0000 2020,"GREY BORDER FABRIC 
LENGHT BY 60
BALL DRESS STYLE INSPIRATION 

#fashionista #lagosboutique #african #follow #ankarafashion #nigerianwomen #naijafashiondaily #ankara #freshair #nigerianweddings¬† #nigerianbusiness‚Ä¶ https://t.co/GlFEOlGmyp",GREY BORDER FABRIC LENGHT BY BALL DRESS STYLE INSPIRATION,-0.05,0.1,0,0,False,"fashionista, lagosboutique, african, follow, ankarafashion, nigerianwomen, naijafashiondaily, ankara, freshair, nigerianweddings, nigerianbusiness",,"Lagos, Nigeria"
8,1267610517461499908,Tue Jun 02 00:14:33 +0000 2020,@aqi__x @PierceMyPain No. I‚Äôm not reading this. üíî I‚Äôm so sorry üò¢,No Im reading Im sorry,-0.5,1.0,2,0,,,PierceMyPain,"Cape Town, South Africa"
9,1249148953293205506,Sun Apr 12 01:34:53 +0000 2020,@aqi__x All the time üôÇ,All time,0.0,0.0,0,0,,,,"Cape Town, South Africa"
10,1249106814534324224,Sat Apr 11 22:47:26 +0000 2020,"Sent my crush a heartfelt paragraph and the response was ‚ÄúShukran so much üôèüèΩüôèüèΩ‚Äù

DMs now open. https://t.co/JyDB0oY8Qw",Sent crush heartfelt paragraph response Shukran much DMs open,0.06666666666666667,0.5666666666666667,8,1,False,,,"Cape Town, South Africa"
11,1262709147188985857,Tue May 19 11:38:15 +0000 2020,@ImaadGvr @aqi__x ü§£auj she then wake up early in the morning so I have time to go roek a entjie,auj wake early morning I time go roek entjie,0.1,0.3,1,0,,,ImaadGvr,"Cape Town, South Africa"
12,1262708264606797824,Tue May 19 11:34:44 +0000 2020,@Eesaa_allie @aqi__x Jy eesaa I now tell your mommy to take that entjies off you,Jy eesaa I tell mommy take entjies,0.0,0.0,0,0,,,Eesaa_allie,
13,1267606091917033474,Mon Jun 01 23:56:57 +0000 2020,"I AM BEYOND JAS. 
I AM BEYOND KWAAD. 

DAY VARK ONE OF THE ALCOHOL BAN BEING LIFTED AND SOMEONE ALREADY GOT KILLED BY A DRUNK DRIVER. 

I AM JAS ON BEHALF OF MY FRIEND AND HIS FAMILY. 
SOMEONE NEEDS TO BE HELD ACCOUNTABLE.",I AM BEYOND JAS I AM BEYOND KWAAD DAY VARK ONE OF THE ALCOHOL BAN BEING LIFTED AND SOMEONE ALREADY GOT KILLED BY A DRUNK DRIVER I AM JAS ON BEHALF OF MY FRIEND AND HIS FAMILY SOMEONE NEEDS TO BE HELD ACCOUNTABLE,-0.35,0.5,400,124,,,,
14,1268923316695379969,Fri Jun 05 15:11:08 +0000 2020,@aqi__x tell us pls https://t.co/hxkCTk6Y3v,tell us pls,0.0,0.0,2,0,False,,,"Cape Town, South Africa"
15,1281769477407944704,Sat Jul 11 01:57:12 +0000 2020,@aqi__x Shukraan Aqilaaaaaah üíïü•∞ü•∞,Shukraan Aqilaaaaaah,0.0,0.0,0,1,,,,"Cape Town, South Africa"
16,1268881700282605571,Fri Jun 05 12:25:46 +0000 2020,@aqi__x @danielsunss you stopped bcz he deactivated pls.,stopped bcz deactivated pls,0.0,0.0,16,0,,,danielsunss,"Cape Town, South Africa"
17,1259728281689100289,Mon May 11 06:13:21 +0000 2020,@aqi__x It‚Äôs fine like you https://t.co/nv1sng1fpS,Its fine like,0.4166666666666667,0.5,0,0,False,,,"Parow, South Africa"
18,1253600995386540033,Fri Apr 24 08:25:42 +0000 2020,@aqi__x Butterscotch latte,Butterscotch latte,0.0,0.0,0,0,,,,"Elsies River, South Africa"
19,1284494339167662081,Sat Jul 18 14:24:49 +0000 2020,@hazygems should never have gotten my license üíîüòî,never gotten license,0.0,0.0,1,0,,,hazygems,
20,1253599786974023680,Fri Apr 24 08:20:54 +0000 2020,this is where I‚Äôm going on the 1st of May after boeka. SOMEONE STOP ME I DARE YOU. https://t.co/cIWy78449O,Im going st May boeka SOMEONE STOP ME I DARE YOU,0.0,0.0,3,1,False,,,
21,1263949796232105989,Fri May 22 21:48:09 +0000 2020,@aqi__x üòíüòíüòí still not over the fact you hit the transfer market for someone else and I got stuck with Ronald,still fact hit transfer market someone else I got stuck Ronald,0.0,0.0,0,0,,,,"Cape Town, South Africa"
22,1263948195731816454,Fri May 22 21:41:47 +0000 2020,"Yoh.. guys to think when I was on UWC. My friends and I use to drik Dums and have like a speaker move... Since I was always hungry I use to charge people in the CAF for their song requests so that I can buy me a dyt. 
I miss those days. 
@aqi__x being my dums partner &amp; dinge",Yoh.. guys think I UWC My friends I use drik Dums like speaker move ... Since I always hungry I use charge people CAF song requests I buy dyt I miss days dums partner amp dinge,0.0,0.0,15,1,,,,"Cape Town, South Africa"
23,1249115457304608769,Sat Apr 11 23:21:47 +0000 2020,my photos go unnoticed. üôÉ https://t.co/HAmpYcYZMr,photos go unnoticed,-0.2,0.6,1,0,False,,,
24,1253575052324474880,Fri Apr 24 06:42:37 +0000 2020,6 days to go until we open in our @FreshstopSA stores! We‚Äôre so looking forward to seeing you! ‚ú®‚òïÔ∏è,days go open stores Were looking forward seeing,0.0,0.5,131,20,,,FreshstopSA,
25,1288506261798084614,Wed Jul 29 16:06:46 +0000 2020,"today I got told I look VERY ugly without make up üåù. so here I am , you know. wearing make up üò≥üíÄ https://t.co/ugCQeLnM58",today I got told I look VERY ugly without make I know wearing make,-0.9099999999999999,1.0,119,12,False,,,
26,1281423710768058371,Fri Jul 10 03:03:15 +0000 2020,not Luqmaan fighting the julle demons at 5amüòî,Luqmaan fighting julle demons,0.0,0.0,2,0,,,,
27,1262703206158807040,Tue May 19 11:14:38 +0000 2020,@aqi__x @ImaadGvr Your soul please https://t.co/2Rwu8zlDL9,Your soul please,0.0,0.0,0,0,False,,ImaadGvr,"Cape Town, South Africa"
28,1281723881322094598,Fri Jul 10 22:56:01 +0000 2020,@M_Ameen_Shaik @aqi__x CEO of talking to himself,CEO talking,0.0,0.0,1,0,,,M_Ameen_Shaik,"Cape Town, South Africa"
29,1288515815806054402,Wed Jul 29 16:44:44 +0000 2020,"@bobsyouruncleCP lmao , ain‚Äôt no thang but a chicken wangüíÄ",lmao aint thang chicken wang,0.0,0.975,1,0,,,bobsyouruncleCP,
30,1288507186008727555,Wed Jul 29 16:10:27 +0000 2020,@aqi__x Whoever told you that is a poes.,Whoever told poes,0.0,0.0,1,0,,,,"Cape Town, South Africa"
31,1268877492200275970,Fri Jun 05 12:09:03 +0000 2020,@danielsunss yeah I have been. I‚Äôm not gonna lie. But I‚Äôm not fighting with you on the tl. and I‚Äôve stopped.,yeah I Im gon na lie But Im fighting tl Ive stopped,0.0,0.0,0,1,,,danielsunss,
32,1253420105263837185,Thu Apr 23 20:26:55 +0000 2020,SA influenzas / ‚Äúcelebs‚Äù are really not funny hey üò≠. they‚Äôre so gawddamn cringe üò≠,SA influenzas celebs really funny hey theyre gawddamn cringe,0.25,1.0,60,5,,,,
33,1253666921020604423,Fri Apr 24 12:47:40 +0000 2020,"@aqi__x Finally someone said it
Even in person they try to be funny so much
Repeating jokes or things they want to brag about",Finally someone said itEven person try funny muchRepeating jokes things want brag,0.125,1.0,0,0,,,,"Elsies River, South Africa"
34,1264161384876716032,Sat May 23 11:48:55 +0000 2020,Take your pie and waai. https://t.co/BTdUt4zjG1,Take pie waai,0.0,0.0,0,0,False,,,"Cape Town, South Africa"
35,1288516288252444672,Wed Jul 29 16:46:37 +0000 2020,@aqi__x Aweh who cares what they say right,Aweh cares say right,0.2857142857142857,0.5357142857142857,0,0,,,,"Cape Town, South Africa"
36,1268893837537181696,Fri Jun 05 13:14:00 +0000 2020,Still interacting with abusers on the tl for whatüò≠?,Still interacting abusers tl,0.0,0.0,71,14,,,,
37,1281632895736647680,Fri Jul 10 16:54:28 +0000 2020,"maybe , just maybe , it‚Äôs time I forgave him. not for my sake or for his. but for the sake of Allah üòî‚ù§Ô∏è. 
making duah my heart heals and it finds contentment insha Allah ‚ù§Ô∏è",maybe maybe time I forgave sake sake Allah making duah heart heals finds contentment insha Allah,0.0,0.0,6,1,,,,
38,1263948525957677063,Fri May 22 21:43:06 +0000 2020,Upper caf was where it was. I‚Äôve never been able to be as rude on the table since. üòî https://t.co/WctZdwXBX7,Upper caf Ive never able rude table since,-0.18333333333333335,0.4083333333333334,5,1,False,,,
39,1262704404781826048,Tue May 19 11:19:24 +0000 2020,@aqi__x Your request is denied,Your request denied,0.0,0.0,0,0,,,,"Cape Town, South Africa"
40,1281676455936700416,Fri Jul 10 19:47:34 +0000 2020,@aqi__x G R O W T H ‚ù§Ô∏è‚ù§Ô∏è‚ù§Ô∏è‚ù§Ô∏è‚ù§Ô∏è‚ù§Ô∏è‚ù§Ô∏è‚ù§Ô∏è,G R O W T H,0.0,0.0,0,1,,,,"Cape Town, South Africa"
41,1264161664766705665,Sat May 23 11:50:02 +0000 2020,I miss hearing you say this üò≠ esp on the dums table üò≠. https://t.co/N527tOfBuL,I miss hearing say esp dums table,0.0,0.0,1,1,False,,,
42,1249146817356484610,Sun Apr 12 01:26:23 +0000 2020,@ShakiiraHarris it really be like that üò≠üò≠üò≠üò≠,really like,0.2,0.2,1,0,,,ShakiiraHarris,
43,1264165448679030784,Sat May 23 12:05:04 +0000 2020,@Liam_Cue has to be one of us ü§£,one us,0.0,0.0,1,0,,,Liam_Cue,
44,1262702926360969216,Tue May 19 11:13:32 +0000 2020,"@Eesaa_allie @ImaadGvr Yes , yes I would actually üòî",Yes yes I would actually,0.0,0.1,0,0,,,"Eesaa_allie, ImaadGvr",
45,1281721609359962113,Fri Jul 10 22:46:59 +0000 2020,@aqi__x Mb the brah has 500 followers and has 24k tweets aujüò≠üò≠üò≠üò≠üò≠,Mb brah followers k tweets auj,0.0,0.0,1,0,,,,
46,1259725134090338305,Mon May 11 06:00:51 +0000 2020,yes I‚Äôm holding my stomach so you don‚Äôt see how much I‚Äôve picked up üíÄüòöü¶ã. https://t.co/g5GtMwIVAj,yes Im holding stomach dont see much Ive picked,0.2,0.2,243,13,False,,,
47,1249146179532787712,Sun Apr 12 01:23:51 +0000 2020,@aqi__x So do my efforts üôÇüôÇüôÇ,So efforts,0.0,0.0,1,0,,,,"Cape Town, South Africa"
48,1284498040729022467,Sat Jul 18 14:39:32 +0000 2020,@aqi__x @hazygems There's always an exception to the rule,There 's always exception rule,0.0,0.0,1,0,,,hazygems,"Elsies River, South Africa"
49,1264166839774588929,Sat May 23 12:10:36 +0000 2020,@aqi__x üò§üò§ but don't judge me. I was slatting Milo's left right and centre,n't judge I slatting Milo 's left right centre,0.14285714285714285,0.26785714285714285,0,0,,,,"Cape Town, South Africa"
50,1262703660909371392,Tue May 19 11:16:27 +0000 2020,@Eesaa_allie ima give my soul for a carton only üôÑ,ima give soul carton,0.0,0.0,0,0,,,Eesaa_allie,
51,1264163567537983488,Sat May 23 11:57:36 +0000 2020,@aqi__x I'm not sure if it was baby shaak but I remember I was talking so much trash on the table that I once told someone for a Muslim you vrieting alot of vark on this table ne.. yoh I felt so sleg afterwards that I had to apologize afterwards,I 'm sure baby shaak I remember I talking much trash table I told someone Muslim vrieting alot vark table ne.. yoh I felt sleg afterwards I apologize afterwards,0.35,0.5444444444444444,2,0,,,,"Cape Town, South Africa"
52,1281425735811465222,Fri Jul 10 03:11:17 +0000 2020,@aqi__x Don't https://t.co/22VrDXGVwc,Do n't,0.0,0.0,1,0,False,,,"Cape Town, South Africa"
53,1286705807753490433,Fri Jul 24 16:52:25 +0000 2020,"Dusk, 2020
.
.
.

#dusk #blue #yellow #orange #sky #ocean #mountain #nature #freshair #sunlight #walk #campsbay capetown #southafrica #rsa_minimal #gratefulforthesemoments @ Camps Bay, Western Cape, South Africa https://t.co/n59MmkWekk",Dusk ... capetown Camps Bay Western Cape South Africa,0.0,0.0,0,0,False,"dusk, blue, yellow, orange, sky, ocean, mountain, nature, freshair, sunlight, walk, campsbay, southafrica, rsa_minimal, gratefulforthesemoments",,"Cape Town, South Africa"
54,1272799832386781184,Tue Jun 16 07:55:02 +0000 2020,#soloride #freshair #wearingamask #mtbride to get the day started #braaitimeüî• (Visited a special on route spot ‚ù§Ô∏èüíç) @ Constantia Green-belt https://t.co/vNcaQ7hw2S,get day started Visited special route spot Constantia Green-belt,0.35714285714285715,0.5714285714285714,0,0,False,"soloride, freshair, wearingamask, mtbride, braaitime",,"Cape Town, South Africa"
55,1258711345144397824,Fri May 08 10:52:25 +0000 2020,"Lockdown permitted outdoors exercise. Fresh air. Healthy bodies. Healthy minds. #lockdown sa #exercise #freshair #healthylifestyle @ Cape Town, Western Province, South Africa https://t.co/RO19uiXxAm",Lockdown permitted outdoors exercise Fresh air Healthy bodies Healthy minds sa Cape Town Western Province South Africa,0.325,0.375,0,0,False,"lockdown, exercise, freshair, healthylifestyle",,"Cape Town, South Africa"
56,1248937654730842113,Sat Apr 11 11:35:15 +0000 2020,Just a regular software engineer on the job. #lockdownlife #work #play #freshair https://t.co/Xoi9DlPC0z https://t.co/6T04bBvw3e,Just regular software engineer job,0.0,0.07692307692307693,36,0,False,"lockdownlife, work, play, freshair",,"Cape Town, South Africa"
57,1252951624122761216,Wed Apr 22 13:25:20 +0000 2020,I‚Äôm so desperate for yard time I might actually hike Lions Head after this #lockdown #Capetown #Lionshead #exercise #freshair #iliveinabox,Im desperate yard time I might actually hike Lions Head,-0.3,0.55,26,0,,"lockdown, Capetown, Lionshead, exercise, freshair, iliveinabox",,"Cape Town, South Africa"
58,1282000429195329538,Sat Jul 11 17:14:55 +0000 2020,#SaturdayMood #freshair #winter https://t.co/orHR7f4jUt,,0.0,0.0,2,0,False,"SaturdayMood, freshair, winter",,Hout Bay Beach
59,1263021982318198784,Wed May 20 08:21:21 +0000 2020,"Lion‚Äôs Head on a Saturday morning.  

Missing this mountain and the beautiful views it offers.
.
.
.
.
.
.
#lionshead #hike #mountain #freshair #peace #views #capetown #southafrica #lockdown‚Ä¶ https://t.co/C17ZaMJK7k",Lions Head Saturday morning Missing mountain beautiful views offers ... ...,0.24999999999999997,0.35000000000000003,1,0,False,"lionshead, hike, mountain, freshair, peace, views, capetown, southafrica, lockdown",,
60,1279354236254523392,Sat Jul 04 09:59:53 +0000 2020,#freshair #relaxation #muizenberg #excercise @ Surfers Corner https://t.co/LmdG1u28mL,Surfers Corner,0.0,0.0,0,0,False,"freshair, relaxation, muizenberg, excercise",,"Cape Town, South Africa"
61,1267169375909445632,Sun May 31 19:01:36 +0000 2020,A sense of freedom #FreshAir https://t.co/skLS8UUghU,A sense freedom,0.0,0.0,0,0,False,FreshAir,,Grand Cafe and Beach
62,1288916815763177474,Thu Jul 30 19:18:10 +0000 2020,"I really enjoyed tonight's EnviroChat.

#Pietermaritzburg #LandfillSiteFire #AirPollution #EnviroChatWithLesego #EnviroChat #environmental #COVID19 https://t.co/z1mX6fspcA",I really enjoyed tonight 's EnviroChat,0.5,0.7,3,0,False,"Pietermaritzburg, LandfillSiteFire, AirPollution, EnviroChatWithLesego, EnviroChat, environmental, COVID19",,"Johannesburg, South Africa"
63,1245964583002673152,Fri Apr 03 06:41:20 +0000 2020,@Aqi_Musab @stolencarRSA @Christian_0510 iyoooooowe https://t.co/RrT8c2Klkl,iyoooooowe,0.0,0.0,0,0,False,,"Aqi_Musab, stolencarRSA","Soweto, South Africa"
64,1277294707102580736,Sun Jun 28 17:36:03 +0000 2020,@ftblben__ @aqi__x You know mos üòè,You know mos,0.0,0.0,0,0,,,,"Roodepoort, South Africa"
65,1256225250808864772,Fri May 01 14:13:33 +0000 2020,"Covid 19 did not break anything.

It only exposed that which was already broken.

We should not waste this opportunity to fix it.

It might be our last..

#youpayitforward #peoplematter #economy #poverty #health #education #equality #housing #sanitation #employment #cleanair https://t.co/QExinqV2wZ",Covid break anything.It exposed already broken.We waste opportunity fix it.It might last..,-0.1,0.03333333333333333,5,2,False,"youpayitforward, peoplematter, economy, poverty, health, education, equality, housing, sanitation, employment, cleanair",,"Randburg, South Africa"
66,1247457934113673218,Tue Apr 07 09:35:22 +0000 2020,"Don't let the lockdown infect your mind!!! Read, exercise, eat well-that means keep your diet in check. And don't forget to pray. ‚ù§Ô∏è‚ù§Ô∏è #Day12OfLockdown  #covid19 #coronavirus #isolated #freshair #lockdown #fashion #stilllookcutetho https://t.co/W5Mh8n2cx6",Do n't let lockdown infect mind Read exercise eat well-that means keep diet check And n't forget pray,0.0,0.0,4,0,False,"Day12OfLockdown, covid19, coronavirus, isolated, freshair, lockdown, fashion, stilllookcutetho",,"Roodepoort, South Africa"
67,1279386498505334790,Sat Jul 04 12:08:05 +0000 2020,"Isolation is causing havoc....missing the #outdoors, #cycling, #freshair, #dogsbarcking while cycling and #exploring the #neighborhood.",Isolation causing havoc ... .missing cycling,0.0,0.0,0,0,,"outdoors, cycling, freshair, dogsbarcking, exploring, neighborhood",,"Edenvale, South Africa"
68,1257977861031542788,Wed May 06 10:17:48 +0000 2020,"On a road to nowhere......

#mtb #mtblife #mtblifestyle #cannondale #cannondalemtb #lockdown #lockdownsa #sun #freshair with a mask! @ Edenvale, Gauteng, South Africa https://t.co/pxDsSYJlWD",On road nowhere ... ... mask Edenvale Gauteng South Africa,0.0,0.0,0,1,False,"mtb, mtblife, mtblifestyle, cannondale, cannondalemtb, lockdown, lockdownsa, sun, freshair",,"Edenvale, South Africa"
69,1284535896767901696,Sat Jul 18 17:09:57 +0000 2020,Always chasing sunshine #girlswhohike #Saturdaywalks #sunshine #freshair https://t.co/dHiUJr9twB,Always chasing sunshine,0.0,0.0,14,1,False,"girlswhohike, Saturdaywalks, sunshine, freshair",,"Sandton, South Africa"
70,1274559934605283334,Sun Jun 21 04:29:03 +0000 2020,"Immunological angle to the #AirPollution and #VitaminD deficiency nexus in #COVID19 transmission
https://t.co/4P8PA9Xc6A",Immunological angle deficiency nexus transmission,0.0,0.0,12,6,False,"AirPollution, VitaminD, COVID19",,"Central, Ghana"
71,1274557028128772096,Sun Jun 21 04:17:30 +0000 2020,"#AirPollution exposure and #VitaminD deficiency nexus in #COVID19 transmission
https://t.co/4NiOIUasb0",exposure deficiency nexus transmission,0.0,0.0,3,0,False,"AirPollution, VitaminD, COVID19",,"Central, Ghana"
72,1262066681465180160,Sun May 17 17:05:19 +0000 2020,Thoughts on #indoor #airquality in #Africa #cleanenergy has to be part of #COVID19 response and as we go forward #BuildBackBetter let us reduce #injustice of #AirPollution with #policies reducing #inequalities #cleancooking @CCACoalition @c40cities @UNEP https://t.co/9K7hzYAJyr,Thoughts part response go forward let us reduce reducing,0.0,0.0,5,2,False,"indoor, airquality, Africa, cleanenergy, COVID19, BuildBackBetter, injustice, AirPollution, policies, inequalities, cleancooking","CCACoalition, c40cities, UNEP","Nairobi, Kenya"
73,1257745348711329801,Tue May 05 18:53:53 +0000 2020,"What about the #Airpollution indoors during #COVID19, how can we ensure #cleanenergy for #Africa households #cookinginquarantine means good #AirQuality for all? A short commentary- let us take action!  @IEA @UNEP_Africa @WHOAFRO @UNHABITAT @CCACoalition @AirQualityKenya https://t.co/0sQx0stAvl",What indoors ensure households means good A short commentary- let us take action,0.26666666666666666,0.3333333333333334,21,11,False,"Airpollution, COVID19, cleanenergy, Africa, cookinginquarantine, AirQuality","IEA, UNEP_Africa, WHOAFRO, UNHABITAT, CCACoalition, AirQualityKenya","Nairobi, Kenya"
74,1252923429688393730,Wed Apr 22 11:33:18 +0000 2020,Did you know that 95% of the people In the world breathe unsafe air and actually only 1 in every 20 people in the world breathe air that is considered safe? #AirPollution #deCOALonize This conversation currently ongoing join using this link https://t.co/9BPhB0imGY https://t.co/zHn7NRKiH1,Did know people In world breathe unsafe air actually every people world breathe air considered safe This conversation currently ongoing join using link,0.16666666666666666,0.3333333333333333,15,10,False,"AirPollution, deCOALonize",,"Nairobi, Kenya"
75,1257738629985730561,Tue May 05 18:27:11 +0000 2020,"Air pollution in Africa in the time of COVID-19 commentary by @AndriannahM @SEIresearch in @CleanAirJ. Exposure to indoor air pollution is the ‚Äúelephant in the room‚Äù as there are directives to stay at home, yet the health burden from indoor pollution is so high. https://t.co/Sxbirt1xlq",Air pollution Africa time COVID-19 commentary Exposure indoor air pollution elephant room directives stay home yet health burden indoor pollution high,0.16,0.5399999999999999,22,17,False,,"AndriannahM, SEIresearch, CleanAirJ",
76,1255724504610988032,Thu Apr 30 05:03:46 +0000 2020,"The AQI is Good in Nairobi, see more on AirVisual https://t.co/6T9wIkAHJp",The AQI Good Nairobi see AirVisual,0.7,0.6000000000000001,0,0,False,,,"Nairobi, Kenya"
77,1278002563292504070,Tue Jun 30 16:28:49 +0000 2020,"The #AirQuality data is open and available online, already this is a huge step https://t.co/CiBNQPh2IG",The data open available online already huge step,0.26666666666666666,0.6,4,0,False,AirQuality,,"Nairobi, Kenya"
78,1262066681465180160,Sun May 17 17:05:19 +0000 2020,Thoughts on #indoor #airquality in #Africa #cleanenergy has to be part of #COVID19 response and as we go forward #BuildBackBetter let us reduce #injustice of #AirPollution with #policies reducing #inequalities #cleancooking @CCACoalition @c40cities @UNEP https://t.co/9K7hzYAJyr,Thoughts part response go forward let us reduce reducing,0.0,0.0,5,2,False,"indoor, airquality, Africa, cleanenergy, COVID19, BuildBackBetter, injustice, AirPollution, policies, inequalities, cleancooking","CCACoalition, c40cities, UNEP","Nairobi, Kenya"
79,1278001667884093442,Tue Jun 30 16:25:16 +0000 2020,@Rehema1234 @sciencerely @OpenAQ @EPA @StateDept @AndriannahM Oh that stinks!!  With the rise in low cost sensors I hope there will be a way for researchers to get access.,Oh stinks With rise low cost sensors I hope way researchers get access,-0.3,0.4,2,0,,,"Rehema1234, sciencerely, OpenAQ, EPA, StateDept, AndriannahM",
80,1267072943697408001,Sun May 31 12:38:25 +0000 2020,"We‚Äôve recently published one of the few registry based studies from Africa, utilising the relatively well developed EMR and death registry in Botswana. Even with 18 authors it took us well over six months to collate, clean, and check these data‚Ä¶ 
https://t.co/OdWi7YjOAI
6/15",Weve recently published one registry based studies Africa utilising relatively well developed EMR death registry Botswana Even authors took us well six months collate clean check data,0.11666666666666667,0.3125,97,39,False,,,
81,1267327896512876544,Mon Jun 01 05:31:30 +0000 2020,"@JNJarvis76 In a workshop on #airquality looking of health data was told Botswana was in the process of digitizing had only gotten to 2011, that was last year..",In workshop looking health data told Botswana process digitizing gotten last year..,0.0,0.06666666666666667,2,0,,airquality,JNJarvis76,"Nairobi, Kenya"
82,1249102451463970816,Sat Apr 11 22:30:06 +0000 2020,Weekend Drive around Nairobi #mask #FreshAir @ Nairobi https://t.co/pWlTAAtQwL,Weekend Drive around Nairobi Nairobi,0.0,0.0,1,0,False,"mask, FreshAir",,"Nairobi, Kenya"
83,1258818186755166217,Fri May 08 17:56:58 +0000 2020,"#karuaforest #workout #enjoylife #sunshine #freshair #stayfit #stayyoung üá∞üá™üå≤‚òòÔ∏è
...
...
...
#monkey #workoutmotivation #workoutplan #workouttime #workouttime #stayyoung #stayfit #stayhappyandhealthy #healthyskin‚Ä¶ https://t.co/ft1qaCCNTX",... ... ...,0.0,0.0,0,0,False,"karuaforest, workout, enjoylife, sunshine, freshair, stayfit, stayyoung, monkey, workoutmotivation, workoutplan, workouttime, workouttime, stayyoung, stayfit, stayhappyandhealthy, healthyskin",,"Nairobi, Kenya"
84,1248988162539618306,Sat Apr 11 14:55:57 +0000 2020,"#walkingonsunshine #forest #monkeys #butterfly #birds #flowerpower #freshair #workout nature üá∞üá™ü¶ãüôèüèºü¶•ü¶ú
...
...
...
#outofafrica #kenyaüá∞üá™ #nairobi #lockdown #freshair #workout #talk #flowerpower #happiness #sunshineüåû‚Ä¶ https://t.co/VQoHpJkmNG",nature ... ... ...,0.0,0.0,1,0,False,"walkingonsunshine, forest, monkeys, butterfly, birds, flowerpower, freshair, workout, outofafrica, kenya, nairobi, lockdown, freshair, workout, talk, flowerpower, happiness, sunshine",,"Nairobi, Kenya"
85,1275409744694587394,Tue Jun 23 12:45:53 +0000 2020,"Happening now! First virtual meeting of the @UNEP 2020 #emissions Gap Report w/ the Steering Committee, lead authors, @UNEPDTU and partners! Assessing#GHG #emissions in the pre-#COVID and current world to inform #ClimateChange talks! @nlenvironagency @andersen_inger @JoyceMsuya https://t.co/IORuUdpVLE",Happening First virtual meeting Gap Report w/ Steering Committee lead authors partners Assessing pre- current world inform talks,0.125,0.3666666666666667,25,1,False,"emissions, emissions, COVID, ClimateChange","UNEP, UNEPDTU, nlenvironagency, andersen_inger, JoyceMsuya",Runda Estate
86,1249072783067353088,Sat Apr 11 20:32:12 +0000 2020,"Hi @Sudhirntv, I liked your report on the effect of #lockdown on #airquality in K'la. It was really legit, we need to learn loads from it. It wo'd inform policy in that order @ntvuganda @nemaug @KCCAUG! #StayHomeSaveLifes indeed!",Hi I liked report effect K'la It really legit need learn loads It wo 'd inform policy order indeed,0.4,0.5,0,0,,"lockdown, airquality, StayHomeSaveLifes","Sudhirntv, ntvuganda, nemaug, KCCAUG","Wakiso, Uganda"
87,1257929982485151745,Wed May 06 07:07:33 +0000 2020,"Wearing of certain commonly seen partial face masks, covering the nose and mouth openings, can only block: pollen, dust, and large particulates, not Covid-19 aerosols. For Covid-19, you require the type known as N95. For frontline workers, the full PPEs. Plan for the vital N95. https://t.co/mjexY5lI2L",Wearing certain commonly seen partial face masks covering nose mouth openings block pollen dust large particulates Covid-19 aerosols For Covid-19 require type known N95 For frontline workers full PPEs Plan vital N95,0.07976190476190476,0.4583333333333333,2,0,False,,,"Kampala, Uganda"
