,Unnamed: 0,Unnamed: 0.1,id,created_at,original_text,clean_text,polarity,subjectivity,favorite_count,retweet_count,possibly_sensitive,hashtags,user_mentions,place,sentiment,sentimentScore,,HandMade
56,58,58,1.20634E+18,Sun Dec 15 22:13:26 +0000 2019,Absolutely. We are helping in Ghana through our @ghanaaq project. What are you doing to improve #AirQuality https://t.co/pszC1pVgUf,Absolutely We helping Ghana project What improve,0.2,0.9,13,4,FALSE,AirQuality,GhanaAQ,"Central, Ghana",POSITIVE,[0.8107713],,TRUE
165,173,70,1.26666E+18,Sat May 30 09:36:59 +0000 2020,"Today is the beginning of another 365 days round the Sun ‚òÄÔ∏èü•≥üéâüéÇü•ÇüçæüéÅüíêüíÉ‚ú® It‚Äôs a good day.... it‚Äôs a blue day...üï∂ üòä
#SunIsOut‚òÄÔ∏èüòä
#BlueSkies ‚ù§Ô∏è‚ù§Ô∏è‚ù§Ô∏è
#BirthdayTings @ Nairobi, Kenya, Africa https://t.co/wgPyjAJvOH",Today beginning another 365 days round Sun Ô∏èü•≥ü•Ç It ‚Äô good day ... ‚Äô blue day ... Ô∏è Ô∏èÔ∏èÔ∏è Nairobi Kenya Africa,0.166666667,0.366666667,0,0,FALSE,"SunIsOut, BlueSkies, BirthdayTings",,"Nairobi, Kenya",POSITIVE,[0.7828293],,TRUE
202,210,32,1.29016E+18,Mon Aug 03 05:49:55 +0000 2020,"Beautiful 13,35km walk, on the middle of nowhere. 4.5hrs. Came out with some cuts and scratches but it was worth it

#gayinstagram #gaystraightalliance #gayboy #hikes #nature #freshair #loveislove @ Silvermine‚Ä¶ https://t.co/j1JaWFVZBN","Beautiful 13,35km walk middle nowhere 4.5hrs Came cuts scratches worth Silvermine‚Ä¶",0.383333333,0.366666667,0,0,FALSE,"gayinstagram, gaystraightalliance, gayboy, hikes, nature, freshair, loveislove",,"Cape Town, South Africa",POSITIVE,[0.714044],,FALSE
117,122,19,1.26819E+18,Wed Jun 03 14:19:25 +0000 2020,"Benefits of cycling are numerous, but we have something from .@truppr 
.@UNEP #WorldBicycleDay #ClimateAction #BeatAirPollution #ForNature https://t.co/rLHL3C0cQW",Benefits cycling numerous something,0,0.5,2,0,FALSE,"WorldBicycleDay, ClimateAction, BeatAirPollution, ForNature","truppr, UNEP","Ikeja, Nigeria",POSITIVE,[0.82441723],,TRUE
251,260,82,1.3117E+18,Thu Oct 01 16:00:26 +0000 2020,"Here are a few HVAC marketing strategies that can lead to a higher return on investment in the form of contacts and conversions. 

These can be applied to lots of other industries too!

https://t.co/OImUiZenuB via @graphicmachine 
#HVAC #digitalmarketing https://t.co/HL3eHHzjou",Here HVAC marketing strategies lead higher return investment form contacts conversions These applied lots industries via,0.25,0.5,0,0,FALSE,"HVAC, digitalmarketing",graphicmachine,,POSITIVE,[0.7905204],,FALSE
194,202,24,1.30295E+18,Mon Sep 07 12:22:16 +0000 2020,"Did you listen to Lagos Talks today? ü§îü§î

Today being the 7th of¬† September 2020, for the first time ever, the world will join together to mark the UN's¬†international day of clean air for blue skies¬†The theme for 2020 is¬†""Clean Air for all""
.
.
#smooth981fm
#CleanAirForAll https://t.co/8lrp2oUzMu",Did listen Lagos Talks today ü§îü§î Today 7th September 2020 first time ever world join together mark UN 's international day clean air blue skies The theme 2020 `` Clean Air '',0.196666667,0.366666667,5,1,FALSE,"smooth981fm, CleanAirForAll",,"Victoria Island, Nigeria",POSITIVE,[0.8991021],,FALSE
188,196,18,1.31204E+18,Fri Oct 02 14:25:43 +0000 2020,"#Globalwarming: Are there effective and equitable solutions yet? These 4 countries produce the world largest #CO2 #emissions.
#China #USA #India #Russian Via @ITEdgeNewsNg @HS2ltd #ucsusa @MikeQuindazzi @ValaAfshar #GlobalWarming #pollution  https://t.co/J4YfaLZnqd https://t.co/Ue8eJhRt3r",Are effective equitable solutions yet These 4 countries produce world largest Via,0.6,0.8,2,1,FALSE,"Globalwarming, CO2, emissions, China, USA, India, Russian, ucsusa, GlobalWarming, pollution","ITEdgeNewsNG, HS2ltd, MikeQuindazzi, ValaAfshar",,POSITIVE,[0.86086035],,FALSE
104,108,5,1.24971E+18,Mon Apr 13 15:02:49 +0000 2020,"Good evening Nigeria...hope your are edifying you‚Äôre body as much as your soul? #freshair #freshface #freshcut #selfdevelopment #selfawareness #unlearntolearnagain @ Lagos, Nigeria https://t.co/jntvNpAgai",Good evening Nigeria ... hope edifying ‚Äô body much soul Lagos Nigeria,0.45,0.4,0,0,FALSE,"freshair, freshface, freshcut, selfdevelopment, selfawareness, unlearntolearnagain",,"Lagos, Nigeria",POSITIVE,[0.84549123],,TRUE
54,56,56,1.21466E+18,Tue Jan 07 21:36:07 +0000 2020,Harmattan in Accra is at its peak. Suspended sand particles blown all the way from Sahara. Can't wait to see the blue skies back. Get your own #AirSense monitoring device today... #AirQuality #sensors  @SGS_SA https://t.co/II8uDsnlkt,Harmattan Accra peak Suspended sand particles blown way Sahara Ca n't wait see blue skies back Get monitoring device today ...,0,0.05,2,0,FALSE,"AirSense, AirQuality, sensors",SGS_SA,"Accra, Ghana",POSITIVE,[0.73196626],,FALSE
71,73,73,1.19232E+18,Thu Nov 07 05:45:15 +0000 2019,The first #AirQuality Management course for #Counties leading with @NairobiCounty1 partnering with @SK_UNEP and @JoshVandeHey @SEIresearch @CleanAirJ and @ANGA_AtmosSci with #Environment and #Health officers. We hope this is one of many #trainthetrainers https://t.co/fQg4FLw7ZO,The first Management course leading partnering officers We hope one many,0.375,0.416666667,26,9,FALSE,"AirQuality, Counties, Environment, Health, trainthetrainers","NairobiCounty1, SK_UNEP, JoshVandeHey, SEIresearch, CleanAirJ, ANGA_AtmosSci","Nairobi, Kenya",POSITIVE,[0.845635],,FALSE
178,186,8,1.3029E+18,Mon Sep 07 09:05:46 +0000 2020,"#WorldCleanAirDay What has been your contribution to #StareDownOnPollution especially #AirPollution 
Take #Sustainable Action today #Cycling @SustyVibes https://t.co/htFqQ8wAlP",What contribution especially Take Action today,0.05,0.55,1,2,FALSE,"WorldCleanAirDay, StareDownOnPollution, AirPollution, Sustainable, Cycling",SustyVibes,"Lagos, Nigeria",POSITIVE,[0.93619096],,FALSE
154,161,58,1.25038E+18,Wed Apr 15 11:17:12 +0000 2020,Interesting water bird @kwskenya  please help identify ..  #natureishealing https://t.co/9bg0hxRGio,Interesting water bird please help identify ..,0.5,0.5,2,0,FALSE,natureishealing,kwskenya,Membley Estate,POSITIVE,[0.8709376],,TRUE
25,27,27,1.2009E+18,Sat Nov 30 22:12:20 +0000 2019,"Getting some fresh air and enjoying the sea breeze. 
#freshair
#seabreeze @ V&amp;A Waterfront https://t.co/dQnIyu0Qvo",Getting fresh air enjoying sea breeze V amp A Waterfront,0.4,0.55,1,0,FALSE,"freshair, seabreeze",,"Mitchell's Plain, South Africa",POSITIVE,[0.9677097],,TRUE
35,37,37,1.20647E+18,Mon Dec 16 06:51:08 +0000 2019,"What a day ... and it‚Äôs a holiday,  so happiness indeed!!üí´üôå 
.
.
.
#blueskies #december #holidays #beachlife #mylife #gratitude @ Ohana Cafe https://t.co/XhmXA4qJFX",What day ... ‚Äô holiday happiness indeed Ohana Cafe,0.7,0.2,0,0,FALSE,"blueskies, december, holidays, beachlife, mylife, gratitude",,"Cape Town, South Africa",POSITIVE,[0.9425787],,TRUE
160,168,65,1.28485E+18,Sun Jul 19 14:07:03 +0000 2020,"New UK rules ""allow international students to live and work in Britain for up two years after completing a Master‚Äôs, or three years after a PhD."" https://t.co/F9eZlUInr6",New UK rules `` allow international students live work Britain two years completing Master ‚Äô three years PhD '',0.090909091,0.318181818,5,3,FALSE,,,"Paris, France",POSITIVE,[0.85074043],,TRUE
17,18,18,1.20148E+18,Mon Dec 02 12:18:13 +0000 2019,"#beatairpollution challenge
Join the quest https://t.co/FwqmMqPY3s",challenge Join quest,0,0,1,1,FALSE,beatairpollution,,"Ikeja, Nigeria",POSITIVE,[0.9663887],,FALSE
6,6,6,1.24128E+18,Sat Mar 21 08:40:45 +0000 2020,"Forests cover 30% of the Earth‚Äôs surface. 

Forests and trees store carbon, which helps mitigate the impacts of climate change in and around urban areas.

üå≥ also improve the local climate, helping to save energy used for heating by 20-50 percent. #IntForestDay #BetterWithForests",Forests cover 30 Earth ‚Äô surface Forests trees store carbon helps mitigate impacts climate change around urban areas also improve local climate helping save energy used heating 20-50 percent,0,0,10,4,,"IntForestDay, BetterWithForests",,"Lagos, Nigeria",POSITIVE,[0.7367847],,FALSE
106,110,7,1.27621E+18,Thu Jun 25 18:02:24 +0000 2020,"GREY BORDER FABRIC 
LENGHT BY 60
BALL DRESS STYLE INSPIRATION 

#fashionista #lagosboutique #african #follow #ankarafashion #nigerianwomen #naijafashiondaily #ankara #freshair #nigerianweddings¬† #nigerianbusiness‚Ä¶ https://t.co/GlFEOlGmyp",GREY BORDER FABRIC LENGHT BY 60 BALL DRESS STYLE INSPIRATION ‚Ä¶,-0.05,0.1,0,0,FALSE,"fashionista, lagosboutique, african, follow, ankarafashion, nigerianwomen, naijafashiondaily, ankara, freshair, nigerianweddings, nigerianbusiness",,"Lagos, Nigeria",POSITIVE,[0.8604803],,FALSE
1,1,1,1.20047E+18,Fri Nov 29 17:38:57 +0000 2019,Get the required information and knowledge about #AirPollution in #Nigeria Thank you @Cylexi for the thread #StareDownOnPollution #BeatAirPollution #SustyFacts #SustyFriday #SOTSOnDuty https://t.co/gNk0lPpz7U,Get required information knowledge Thank thread,0,0,0,1,FALSE,"AirPollution, Nigeria, StareDownOnPollution, BeatAirPollution, SustyFacts, SustyFriday, SOTSOnDuty",cylexi,"Lagos, Nigeria",POSITIVE,[0.9850148],,FALSE
239,248,70,1.30288E+18,Mon Sep 07 08:09:45 +0000 2020,"On this first World #CleanAir Day, am excited to announce that through the efforts of @subu_caps #Accra now has a reference grade NO2 monitor @GhanaAQ @alfelix123 @CleanAirJ https://t.co/gaMUdYHYNJ",On first World Day excited announce efforts reference grade NO2 monitor,0.3125,0.541666667,40,9,FALSE,"CleanAir, Accra","subu_caps, GhanaAQ, alfelix123, CleanAirJ","Central, Ghana",POSITIVE,[0.9291985],,TRUE
271,281,103,1.30298E+18,Mon Sep 07 14:29:22 +0000 2020,"Love this. PLS automation should seriously taken into consideration. apart from air pollution reduction, PLS will solve one of major problems public transport has today like travel time. Promotion deserved.  #CleanAirForAll https://t.co/X8i6oYj4p7",Love PLS automation seriously taken consideration apart air pollution reduction PLS solve one major problems public transport today like travel time Promotion deserved,0.057291667,0.458333333,1,0,FALSE,CleanAirForAll,,Rwanda,POSITIVE,[0.7315722],,TRUE
241,250,72,1.30292E+18,Mon Sep 07 10:24:57 +0000 2020,"Air Pollution is responsible for approximately 7 million deaths annually around the world. 
Everyone deserves a breath of Fresh,Clean air!üëèüëèüëèüëè

#WorldCleanAirDay https://t.co/rK170Cy7fj",Air Pollution responsible approximately 7 million deaths annually around world Everyone deserves breath Fresh Clean air,0.116666667,0.5875,2,0,FALSE,WorldCleanAirDay,,"Accra, Ghana",POSITIVE,[0.8603769],,FALSE
61,63,63,1.19561E+18,Sat Nov 16 07:32:39 +0000 2019,Our 11 sensor deployments on display. The momentum this @GhanaAQ project is gathering in it's short lifespan is mind blowing. A big thank you to our collaborators and partners @darbyjack @subu_caps @jksmith34 @pallavipnt @CleanAir1ATM Together we #BeatAirPollution https://t.co/YOOULuc5EZ,Our 11 sensor deployments display The momentum project gathering 's short lifespan mind blowing A big thank collaborators partners Together,0,0.2,39,12,FALSE,BeatAirPollution,"GhanaAQ, darbyjack, subu_caps, jksmith34, pallavipnt","Central, Ghana",POSITIVE,[0.92966163],,TRUE
129,135,32,1.2511E+18,Fri Apr 17 10:40:04 +0000 2020,Taking a break to look up at the sky üå¥‚õÖ Hope you're all having a good day and staying safe and sane üíôüíö #Day22OfLockdown #StayHome #lovecapetown #blueskies #clouds #palmtrees https://t.co/XrSXHA03XW,Taking break look sky Hope 're good day staying safe sane,0.6,0.55,27,4,FALSE,"Day22OfLockdown, StayHome, lovecapetown, blueskies, clouds, palmtrees",,"Cape Town, South Africa",POSITIVE,[0.92756593],,TRUE
210,218,40,1.31121E+18,Wed Sep 30 07:30:58 +0000 2020,We look forward to seeing where this fantastic South African journalist goes next. She has covered #ClimateChange #AirPollution and more with a clear focus on social justice. All the best @sheree_bega https://t.co/sF2wwQoxw0,We look forward seeing fantastic South African journalist goes next She covered clear focus social justice All best,0.255555556,0.275,2,0,FALSE,"ClimateChange, AirPollution",sheree_bega,,POSITIVE,[0.96642685],,TRUE
89,93,93,1.23658E+18,Sun Mar 08 09:00:36 +0000 2020,Today morning @BeyondZeroKenya running for #Health #beatairpollution with some of the best #WomensDay @FirstLadyKenya @UNEP @SEIresearch @AirQualityKenya https://t.co/C6YTOIkpkA,Today morning running best,1,0.3,11,2,FALSE,"Health, beatairpollution, WomensDay","BeyondZeroKenya, FirstLadyKenya, UNEP, SEIresearch, AirQualityKenya","Nairobi, Kenya",POSITIVE,[0.9450182],,TRUE
32,34,34,1.24072E+18,Thu Mar 19 19:35:02 +0000 2020,"#powerwalks #morningsarethebest #ocean #blueskies #earlybird @ Three Anchor Bay, Western Cape, South Africa https://t.co/kfj7Ei8ruC",Three Anchor Bay Western Cape South Africa,0,0,0,0,FALSE,"powerwalks, morningsarethebest, ocean, blueskies, earlybird",,"Cape Town, South Africa",POSITIVE,[0.84070706],,FALSE
33,35,35,1.22645E+18,Sun Feb 09 10:22:38 +0000 2020,Queens Beach üèñüëë Cape Town üåä‚òÄÔ∏è #queensbeach #capetown #sea #queenlife #travelmemories #southafrica #sand #blueskies @ Queens Beach https://t.co/AyMzfGVL6U,Queens Beach Cape Town Ô∏è Queens Beach,0,0,0,0,FALSE,"queensbeach, capetown, sea, queenlife, travelmemories, southafrica, sand, blueskies",,"Cape Town, South Africa",POSITIVE,[0.94351184],,FALSE
58,60,60,1.24323E+18,Thu Mar 26 17:53:01 +0000 2020,"See blue skies ...
Perfect photography weather ...but social distancing ...
Covid 19 ...ur moda.
Stay safe everyone 
#day10 #socialdistancing #visualoctopi #blueskies #COVID2019 https://t.co/2rg1OPqzUt",See blue skies ... Perfect photography weather ... social distancing ... Covid 19 ... ur moda Stay safe everyone,0.383333333,0.416666667,1,0,FALSE,"day10, socialdistancing, visualoctopi, blueskies, COVID2019",,race course station,POSITIVE,[0.985739],,FALSE
107,111,8,1.24817E+18,Thu Apr 09 08:26:45 +0000 2020,This would have been a great time to take pictures and shoot some music videos . #LagosSkies #blueskies #LockdownLagos #natureishealing https://t.co/0XN67EUNmW,This would great time take pictures shoot music videos,0.8,0.75,0,1,FALSE,"LagosSkies, blueskies, LockdownLagos, natureishealing",,"Lagos, Nigeria",POSITIVE,[0.9382855],,TRUE
218,226,48,1.31308E+18,Mon Oct 05 11:31:22 +0000 2020,"Matching a contemporary estate‚Äôs lavish design, while reducing utility costs with AC innovation
.
https://t.co/KcdNEzv5j7
.
#Fourwaysairconditioning #TheAzure #SamsungDMVHVACtechnology #Invertermid-wallsplits
#HVAC https://t.co/AOOFCB2tQu",Matching contemporary estate ‚Äô lavish design reducing utility costs AC innovation -wallsplits,0.166666667,0.166666667,0,0,FALSE,"Fourwaysairconditioning, TheAzure, SamsungDMVHVACtechnology, Invertermid, HVAC",,,NEUTRAL,[0.6540666],,TRUE
82,85,85,1.20086E+18,Sat Nov 30 19:33:02 +0000 2019,"@crazynairobian0 #KOTWave #KOTLoyals #CloudQoCoolingSystems #HVAC #AirConditioning #HeatingAndCoolingSystems 
For Supply and Installation call +254736797501 https://t.co/AUtIQeGXfs",For Supply Installation call +254736797501,0,0,6,4,FALSE,"KOTWave, KOTLoyals, CloudQoCoolingSystems, HVAC, AirConditioning, HeatingAndCoolingSystems",crazynairobian0,"Nairobi, Kenya",NEUTRAL,[0.6267696],,TRUE
40,42,42,1.2424E+18,Tue Mar 24 10:25:24 +0000 2020,"At my old #neighborhood #adventuretime #freshair before #lockdown @ Weltevredenpark, Gauteng, South Africa https://t.co/CZLbTzePCe",At old Weltevredenpark Gauteng South Africa,0.1,0.2,0,0,FALSE,"neighborhood, adventuretime, freshair, lockdown",,"Roodepoort, South Africa",NEUTRAL,[0.6316321],,TRUE
26,28,28,1.19563E+18,Sat Nov 16 09:09:31 +0000 2019,"#freshair 
#rooftop
#exams @ Unisa - Western Cape Region https://t.co/gOSqP5XVDQ",Unisa Western Cape Region,0,0,1,0,FALSE,"freshair, rooftop, exams",,"Parow, South Africa",NEUTRAL,[0.6098778],,TRUE
62,64,64,1.22841E+18,Fri Feb 14 20:10:13 +0000 2020,"Now is the time to step up local, national, regional and global efforts to tackle #AirPollution and slow down #ClimateChange https://t.co/1VEvEZO2Er",Now time step local national regional global efforts tackle slow,-0.1,0.133333333,0,0,FALSE,"AirPollution, ClimateChange",,"Nairobi, Kenya",NEUTRAL,[0.4730777],,FALSE
272,282,104,1.29924E+18,Fri Aug 28 06:39:14 +0000 2020,"The air we breathe makes me worry about our kids‚Äô health.
While many can notice #Airpollution in #Kampala, very few people care to think about it. There‚Äôs urgent need to raise #Awareness among local #Communities for people to understand available data &amp; learn safety measures. https://t.co/xRIvVotb0d",The air breathe makes worry kids ‚Äô health While many notice people care think There ‚Äô urgent need raise among local people understand available data amp learn safety measures,0.3,0.3,17,4,FALSE,"Airpollution, Kampala, Awareness, Communities",,Makindye Military Baracks,NEUTRAL,[0.61338294],,FALSE
238,247,69,1.30288E+18,Mon Sep 07 07:59:35 +0000 2020,"Today is International Day of Clean Air for Blue Skies, simply World #CleanAir Day. We continue through our @GhanaAQ project and leveraging on the potential of low cost air quality sensors to clean the air in urban areas of Ghana.",Today International Day Clean Air Blue Skies simply World Day We continue project leveraging potential low cost air quality sensors clean air urban areas Ghana,0.091666667,0.394642857,15,4,,CleanAir,GhanaAQ,"Central, Ghana",NEUTRAL,[0.4984372],,TRUE
126,132,29,1.25103E+18,Fri Apr 17 06:20:52 +0000 2020,"Be aware animals of nature, in two weeks time your 100 year lockdown will commence again #animallover #COVID19 #natureishealing",Be aware animals nature two weeks time 100 year lockdown commence,0.25,0.25,0,0,,"animallover, COVID19, natureishealing",,"Cape Town, South Africa",NEUTRAL,[0.6474672],,TRUE
88,92,92,1.19649E+18,Mon Nov 18 17:55:47 +0000 2019,"Thailand supermarkets you got this. I'm amazed. They now use banana leaves to package some goods instead of plastic bags 
#BeatAirPollution
#environment @ Nairobi, Kenya https://t.co/8Vb46eLUOC",Thailand supermarkets got I 'm amazed They use banana leaves package goods instead plastic bags Nairobi Kenya,0,0,0,0,FALSE,"BeatAirPollution, environment",,"Nairobi, Kenya",NEUTRAL,[0.45857266],,FALSE
270,280,102,1.3029E+18,Mon Sep 07 09:41:27 +0000 2020,Public transport and the automation of public light system are among initiatives that are being promoted by @CityofKigali to reduce air pollution. @PudenceR #CleanAirForAll,Public transport automation public light system among initiatives promoted reduce air pollution,0.133333333,0.277777778,13,3,,CleanAirForAll,"CityofKigali, PudenceR",,NEUTRAL,[0.675475],,TRUE
14,15,15,1.20692E+18,Tue Dec 17 12:56:51 +0000 2019,"If you are in #Lagos. Please ensure to stay hydrated so you don't collapse on the street, Drink plenty of water. #HeatWave #BeatAirPollution",If Please ensure stay hydrated n't collapse street Drink plenty water,0,0,1,0,,"Lagos, HeatWave, BeatAirPollution",,"Lagos, Nigeria",NEUTRAL,[0.4539805],,TRUE
242,251,73,1.30286E+18,Mon Sep 07 06:30:00 +0000 2020,"Today is the first-ever #WorldCleanAirDay!

Clean air is important for health, productivity, the economy and the environment.
With the European Green Deal, we want to cut dangerous emissions and reach a zero-pollution environment for all. Find out how here ‚Üì

#EUGreenDeal",Today first-ever Clean air important health productivity economy environment With European Green Deal want cut dangerous emissions reach zero-pollution environment Find ‚Üì,-0.006666667,0.58,813,372,,"WorldCleanAirDay, EUGreenDeal",,,NEUTRAL,[0.55797327],,TRUE
21,23,23,1.19414E+18,Tue Nov 12 06:14:43 +0000 2019,One idea that stood out was using the smog catching ionizing towers by the Dutch entrepreneur. @narendramodi @AmitShah @ArvindKejriwal     #AirPollution #DelhiAirEmergency https://t.co/dy1xOtnChn,One idea stood using smog catching ionizing towers Dutch entrepreneur,0.6,0.9,0,0,FALSE,"AirPollution, DelhiAirEmergency","narendramodi, AmitShah, ArvindKejriwal","Cape Town, South Africa",NEUTRAL,[0.57824165],,TRUE
78,81,81,1.21928E+18,Mon Jan 20 15:39:50 +0000 2020,"What should be the #1 priority for the @IMOHQ Secretary General as he starts his second term? Cutting shipping #emissions. Read our open letter with civil society organisations:  
 https://t.co/bnoCIGtK0q #ClimateCrisis",What priority Secretary General starts second term Cutting shipping Read open letter civil society organisations,-0.1375,0.475,0,0,FALSE,"emissions, ClimateCrisis",IMOHQ,"Nairobi, Kenya",NEUTRAL,[0.649037],,TRUE
156,163,60,1.25503E+18,Tue Apr 28 06:52:44 +0000 2020,"AIR conditioning... for Heating and Cooling call +254736797501
0736797501 
cc @lindahoguttu
#AirConditioning #CloudQoCoolingSystems #HVAC https://t.co/OcFEAxBFfb",AIR conditioning ... Heating Cooling call +254736797501 0736797501 cc,0,0,2,2,FALSE,"AirConditioning, CloudQoCoolingSystems, HVAC",lindahoguttu,"Nairobi, Kenya",NEUTRAL,[0.5534087],,TRUE
169,177,74,1.28258E+18,Mon Jul 13 07:29:04 +0000 2020,Me upclose to a giraffe @lakemburo #NaturePhotography #naturelovers #naturetherapy #natureishealing #NatureChanelRP #NatureWarriors #NATURE_WORLD #NatureRepublicTH #naturephoto #naturelover #nature #naturephotos @unescoug https://t.co/91YeyajYXI,Me upclose giraffe,0,0,0,0,FALSE,"NaturePhotography, naturelovers, naturetherapy, natureishealing, NatureChanelRP, NatureWarriors, NATURE_WORLD, NatureRepublicTH, naturephoto, naturelover, nature, naturephotos","lakemburo, unescoug","Kampala, Uganda",NEUTRAL,[0.6748945],,TRUE
177,185,7,1.31379E+18,Wed Oct 07 10:18:25 +0000 2020,"EnvironQuest provides the latest technology for air quality monitoring, as well as measuring atmospheric weather conditions relevant to estimating, and forecasting air quality considering all pollutants.

#EnvironQuest #airquality #airqualitymonitoring #airpollution https://t.co/KG5lc9oHd3",EnvironQuest provides latest technology air quality monitoring well measuring atmospheric weather conditions relevant estimating forecasting air quality considering pollutants,0.3,0.6,2,1,FALSE,"EnvironQuest, airquality, airqualitymonitoring, airpollution",,,NEUTRAL,[0.61790305],,TRUE
81,84,84,1.22935E+18,Mon Feb 17 10:09:12 +0000 2020,"On-going Turkish HVAC-R ( Heating, Ventilation, Air Conditioning &amp; Refrigeration B2B meetings.

#Turkey #HVAC-R #AirConditioning #ISIB #Ventilation #Cooling #ColdRooms #Kenya #B2B #refrigeration #heating https://t.co/usBkvJpLKp",On-going Turkish HVAC-R Heating Ventilation Air Conditioning amp Refrigeration B2B meetings -R,0,0,1,0,FALSE,"Turkey, HVAC, AirConditioning, ISIB, Ventilation, Cooling, ColdRooms, Kenya, B2B, refrigeration, heating",,"Nairobi, Kenya",NEUTRAL,[0.52872103],,TRUE
248,257,79,1.31127E+18,Wed Sep 30 11:59:45 +0000 2020,"#TheJamSession
#FreshAIR
#WCW
#WednesdayVibes
#WednesdayWisdom
#WednesdayThoughts
#WednesdayMotivation
#FinePeopleFromKenya
#BlackLivesMatter
@Dj_Burn
@HomeboyzRadio
@AndyYoung254 @QuellieO @ashleymuthui
LIGHT IT UP
@meme_ed @JoshuaNyati @dennokimg @Kklux @martin_kihara @ckisuke",LIGHT IT UP,0.4,0.7,1,1,,"TheJamSession, FreshAIR, WCW, WednesdayVibes, WednesdayWisdom, WednesdayThoughts, WednesdayMotivation, FinePeopleFromKenya, BlackLivesMatter","Dj_Burn, HomeboyzRadio, AndyYoung254, QuellieO, ashleymuthui, meme_ed, JoshuaNyati, dennokimg, Kklux, martin_kihara, ckisuke",,NEUTRAL,[0.6926467],,TRUE
87,91,91,1.21932E+18,Mon Jan 20 17:54:54 +0000 2020,"#Rethink your choices
#Refuse single use
#reduce consumption
#reuse everything
#Refurbish old stuff
#repair before you replace
#recycle last option
#ClimateChange #ClimateCrisis @unenvironment @unhabitatyouth #BeatAirPollution @vanessa_vash @MaimunahSharif @NamugerwaLeah https://t.co/DahPxV1eMQ",choices single use consumption everything old stuff replace last option,0.00952381,0.16031746,79,37,FALSE,"Rethink, Refuse, reduce, reuse, Refurbish, repair, recycle, ClimateChange, ClimateCrisis, BeatAirPollution","unhabitatyouth, vanessa_vash, MaimunahSharif, NamugerwaLeah","Nairobi, Kenya",NEUTRAL,[0.55417734],,TRUE
37,39,39,1.21262E+18,Thu Jan 02 06:19:01 +0000 2020,"A W E H  2 0 2 0

#lovecapetown #capetown #southafrica #observatory #graffiti #streetsofcapetown #streetart #thisissouthafrica #explorecapetown #beaches #seaviews #frommyfingertips #sunsets #skyviews #blueskies‚Ä¶ https://t.co/sUec4TI2rt",A W E H 2 0 2 0 ‚Ä¶,0,0,0,1,FALSE,"lovecapetown, capetown, southafrica, observatory, graffiti, streetsofcapetown, streetart, thisissouthafrica, explorecapetown, beaches, seaviews, frommyfingertips, sunsets, skyviews, blueskies",,"Cape Town, South Africa",NEUTRAL,[0.6957509],,TRUE
57,59,59,1.1938E+18,Mon Nov 11 07:44:58 +0000 2019,"Over the Atlantic, heading home. 
#TheOtherJob #traveltheworld #scenery #sceneryporn #scenic #landscape #SamsungS8 #travel #adventure #blueskies #aviation #instaplane #instaaviation #flying #avgeek #Instagramaviation‚Ä¶ https://t.co/Um1I5ycktB",Over Atlantic heading home ‚Ä¶,0,0,2,1,FALSE,"TheOtherJob, traveltheworld, scenery, sceneryporn, scenic, landscape, SamsungS8, travel, adventure, blueskies, aviation, instaplane, instaaviation, flying, avgeek, Instagramaviation",,"Greater Accra, Ghana",NEUTRAL,[0.52457255],,TRUE
135,141,38,1.25798E+18,Wed May 06 10:17:48 +0000 2020,"On a road to nowhere......

#mtb #mtblife #mtblifestyle #cannondale #cannondalemtb #lockdown #lockdownsa #sun #freshair with a mask! @ Edenvale, Gauteng, South Africa https://t.co/pxDsSYJlWD",On road nowhere ... ... mask Edenvale Gauteng South Africa,0,0,0,1,FALSE,"mtb, mtblife, mtblifestyle, cannondale, cannondalemtb, lockdown, lockdownsa, sun, freshair",,"Edenvale, South Africa",NEUTRAL,[0.49355596],,TRUE
38,40,40,1.24031E+18,Wed Mar 18 15:57:45 +0000 2020,sail away... #powerwalks #earlybird #liveinthemoment #ocean #blueskies #summer #capetown ‚Ä¢ sound‚è´ @ Mouille Point Promenade https://t.co/BJNgwCfduT,sail away ... ‚Ä¢ sound‚è´ Mouille Point Promenade,0,0,0,0,FALSE,"powerwalks, earlybird, liveinthemoment, ocean, blueskies, summer, capetown",,"Cape Town, South Africa",NEUTRAL,[0.65755445],,TRUE
153,160,57,1.27541E+18,Tue Jun 23 12:45:53 +0000 2020,"Happening now! First virtual meeting of the @UNEP 2020 #emissions Gap Report w/ the Steering Committee, lead authors, @UNEPDTU and partners! Assessing#GHG #emissions in the pre-#COVID and current world to inform #ClimateChange talks! @nlenvironagency @andersen_inger @JoyceMsuya https://t.co/IORuUdpVLE",Happening First virtual meeting 2020 Gap Report w/ Steering Committee lead authors partners Assessing pre- current world inform talks,0.125,0.366666667,25,1,FALSE,"emissions, emissions, COVID, ClimateChange","UNEP, UNEPDTU, nlenvironagency, andersen_inger, JoyceMsuya",Runda Estate,NEUTRAL,[0.68773484],,TRUE
121,126,23,1.24894E+18,Sat Apr 11 11:35:15 +0000 2020,Just a regular software engineer on the job. #lockdownlife #work #play #freshair https://t.co/Xoi9DlPC0z https://t.co/6T04bBvw3e,Just regular software engineer job,0,0.076923077,36,0,FALSE,"lockdownlife, work, play, freshair",,"Cape Town, South Africa",NEUTRAL,[0.50891876],,TRUE
44,46,46,1.19852E+18,Sun Nov 24 08:32:10 +0000 2019,#bluesky #blueskies #tb #swaziland #nhlangano #home @ Johannesburg https://t.co/2epmCekeVr,Johannesburg,0,0,0,0,FALSE,"bluesky, blueskies, tb, swaziland, nhlangano, home",,"Johannesburg, South Africa",NEUTRAL,[0.59381026],,TRUE
108,112,9,1.25837E+18,Thu May 07 12:14:07 +0000 2020,"50mm insulation fiber (fiber glass)
#lagosisland 
#hvac 
#hvaccontractor 
#Lagos
#Nigeria
#kano
#Abuja
#portharcourt @ CTC Anozie Global Limited https://t.co/Wf6LxQOOFE",50mm insulation fiber fiber glass CTC Anozie Global Limited,-0.035714286,0.071428571,0,0,FALSE,"lagosisland, hvac, hvaccontractor, Lagos, Nigeria, kano, Abuja, portharcourt",,"Lagos, Nigeria",NEUTRAL,[0.5457796],,TRUE
262,272,94,1.30289E+18,Mon Sep 07 08:50:13 +0000 2020,A major obstacle to achieving #CleanAirForAll in urban &amp; peri-urban areas in #Kenya is open burning of trash like the case here near #Kangemi market along #WaiyakiWay in #Nairobi. #WorldCleanAirDay #SeasonOfCreation @mwanadandadzi @WHOKenya @NemaKenya @Environment_Ke @davemunene https://t.co/mvyLcAeG30,A major obstacle achieving urban amp peri-urban areas open burning trash like case near market along,0.040625,0.35,17,7,FALSE,"CleanAirForAll, Kenya, Kangemi, WaiyakiWay, Nairobi, WorldCleanAirDay, SeasonOfCreation","mwanadandadzi, WHOKenya, NemaKenya, Environment_Ke, davemunene",,NEUTRAL,[0.612916],,FALSE
268,278,100,1.29883E+18,Thu Aug 27 03:30:58 +0000 2020,What level of exposure is one exposed to in a #Vehicle #AfricaAQ @ANGA_AtmosSci @AirQualityKenya new publication now available @SEIresearch @WiLLiamAO2 @PMOsano https://t.co/PpDtegI2uZ,What level exposure one exposed new publication available,0.268181818,0.427272727,7,4,FALSE,"Vehicle, AfricaAQ","ANGA_AtmosSci, AirQualityKenya, SEIresearch, WiLLiamAO2, PMOsano","Nairobi, Kenya",NEUTRAL,[0.54051995],,FALSE
70,72,72,1.21534E+18,Thu Jan 09 18:23:13 +0000 2020,"#PM10 readings from Vaisala AQT420 #airquality sensor at #burning sisal waste site in Taita, Kenya. High PM10 values indicate burning &amp; variation is caused by changes in wind direction. But how to explain the high peak on Jan 8? @VaisalaGroup @INAR_fin @mega_sense @helsinkiuni https://t.co/LfzvpYm1dj",readings Vaisala AQT420 sensor sisal waste site Taita Kenya High PM10 values indicate burning amp variation caused changes wind direction But explain high peak Jan 8,0.04,0.36,2,0,FALSE,"PM10, airquality, burning","VaisalaGroup, INAR_fin, mega_sense, helsinkiuni","Nairobi, Kenya",NEGATIVE,[0.3793408],,TRUE
60,62,62,1.20147E+18,Mon Dec 02 12:03:59 +0000 2019,Back to town and straight to work reconfiguring our sensor on the Ring Road #BeatAirPollution https://t.co/BBwdb2aP4O,Back town straight work reconfiguring sensor Ring Road,0.1,0.2,6,0,FALSE,BeatAirPollution,,"Accra, Ghana",NEGATIVE,[0.3667733],,FALSE
132,138,35,1.25623E+18,Fri May 01 14:13:33 +0000 2020,"Covid 19 did not break anything.

It only exposed that which was already broken.

We should not waste this opportunity to fix it.

It might be our last..

#youpayitforward #peoplematter #economy #poverty #health #education #equality #housing #sanitation #employment #cleanair https://t.co/QExinqV2wZ",Covid 19 break anything It exposed already broken We waste opportunity fix It might last..,-0.2,0.155555556,5,2,FALSE,"youpayitforward, peoplematter, economy, poverty, health, education, equality, housing, sanitation, employment, cleanair",,"Randburg, South Africa",NEGATIVE,[0.09570527],,FALSE
273,283,105,1.31161E+18,Thu Oct 01 09:58:56 +0000 2020,"In @ESusWatch  9/2020 E bulletinüíª, World marks  #cleanairday against the backdrop of the ‚Äòforgotten 3 billion poor‚Äô https://t.co/M3U3VT8le9 #airquality #cleanairforall @10YFP @jumuiya #EastAfrica #SDG3 #SDG7 #SDG11 #SDG12 #SDG13",In 9/2020 E bulletin World marks backdrop ‚Äò forgotten 3 billion poor ‚Äô,-0.4,0.6,7,1,FALSE,"cleanairday, airquality, cleanairforall, EastAfrica, SDG3, SDG7, SDG11, SDG12, SDG13","ESusWatch, 10YFP, jumuiya",,NEGATIVE,[0.03526214],,TRUE
259,269,91,1.30396E+18,Thu Sep 10 07:19:30 +0000 2020,"Happening now: Air pollution is a major concern that is closely related to climate change and Mitigation of Air Pollution is key towards realization of green solutions
#CleanAirForAll @Environment_Ke @matatuindustry @LouAPCD https://t.co/ZmckTyBBIv",Happening Air pollution major concern closely related climate change Mitigation Air Pollution key towards realization green solutions,-0.034375,0.55,2,3,FALSE,CleanAirForAll,"Environment_Ke, matatuindustry, LouAPCD","Ngong, Kenya",NEGATIVE,[0.14508367],,TRUE
204,212,34,1.25799E+18,Wed May 06 11:01:20 +0000 2020,"@VondisPet owner, Paul Jacobson, Your ""stop the decay"" videos on FB are disgusting! What right did you have to publish the details of the man feeding the destitute in Sea Point? Now his car has been burnt out! You need to own this shit! Please explain! 

https://t.co/PMDUDYE02V",owner Paul Jacobson Your `` stop decay '' videos FB disgusting What right publish details man feeding destitute Sea Point Now car burnt You need shit Please explain,-0.304761905,0.778571429,14,5,TRUE,,,,NEGATIVE,[0.18490416],,TRUE
123,129,26,1.26302E+18,Wed May 20 08:21:21 +0000 2020,"Lion‚Äôs Head on a Saturday morning.  

Missing this mountain and the beautiful views it offers.
.
.
.
.
.
.
#lionshead #hike #mountain #freshair #peace #views #capetown #southafrica #lockdown‚Ä¶ https://t.co/C17ZaMJK7k",Lion ‚Äô Head Saturday morning Missing mountain beautiful views offers ‚Ä¶,0.25,0.35,1,0,FALSE,"lionshead, hike, mountain, freshair, peace, views, capetown, southafrica, lockdown",,,NEGATIVE,[0.19277164],,FALSE
147,154,51,1.278E+18,Tue Jun 30 16:25:16 +0000 2020,@Rehema1234 @sciencerely @OpenAQ @EPA @StateDept @AndriannahM Oh that stinks!!  With the rise in low cost sensors I hope there will be a way for researchers to get access.,Oh stinks With rise low cost sensors I hope way researchers get access,-0.3,0.4,2,0,,,"Rehema1234, sciencerely, OpenAQ, EPA, StateDept, AndriannahM",,NEGATIVE,[0.09955078],,TRUE
64,66,66,1.19504E+18,Thu Nov 14 17:56:55 +0000 2019,"DYK 50% of #pneumonia deaths among children under 5 are caused by toxins inhaled from household #airpollution from cooking with polluting, inefficient stoves &amp; fuels?

#CleanCookingIs a tool for ensuring children around the world live healthier, longer lives!",DYK 50 deaths among children 5 caused toxins inhaled household cooking polluting inefficient stoves amp fuels tool ensuring children around world live healthier longer lives,0.136363636,0.5,6,3,,"pneumonia, airpollution, CleanCookingIs",,"Nairobi, Kenya",NEGATIVE,[0.35028702],,TRUE
174,182,4,1.31381E+18,Wed Oct 07 11:53:18 +0000 2020,"Living in Lagos is getting more expensive as the days go by, inhabitants of the ‚Äò‚Äômegacity‚Äô‚Äô have to weather the challenges of traffic due to bad roads and air pollution as a result of Cars not in good shape and chiefly because of Air pollution. https://t.co/L29Qa76GF0",Living Lagos getting expensive days go inhabitants ‚Äò ‚Äô megacity ‚Äô ‚Äô weather challenges traffic due bad roads air pollution result Cars good shape chiefly Air pollution,-0.15625,0.585416667,3,2,FALSE,,,,NEGATIVE,[0.07607782],,TRUE
190,198,20,1.31386E+18,Wed Oct 07 15:01:04 +0000 2020,"The reason why your #HVAC system broken is because you don't get regularüôÑ maintenance doneü§è
.
.
.
üìû08092930111 https://t.co/uOuIvtQTkX",The reason system broken n't get regular maintenance doneü§è 08092930111,-0.2,0.238461538,0,0,FALSE,HVAC,,,NEGATIVE,[0.0242624],,FALSE
20,22,22,1.19414E+18,Tue Nov 12 06:11:31 +0000 2019,The govt of India needs to be proactive about tackling the increasing air pollution in Delhi and in many other Indian cities. Requires carefully looking at the situation  and coming up with sustainable solutions. Look at Beijing as an example. #AirPollution #DelhiAirEmergency,The govt India needs proactive tackling increasing air pollution Delhi many Indian cities Requires carefully looking situation coming sustainable solutions Look Beijing example,0.2,0.75,1,0,,"AirPollution, DelhiAirEmergency",,"Cape Town, South Africa",NEGATIVE,[0.37620676],,FALSE
250,259,81,1.31195E+18,Fri Oct 02 08:24:35 +0000 2020,@Maurinbae trapping dust and other particulates,trapping dust particulates,0,0,1,0,,,Maurinbae,,NEGATIVE,[0.24200228],,FALSE
213,221,43,1.30325E+18,Tue Sep 08 08:41:42 +0000 2020,Air pollution causes respiratory and heart problems. And for those who already have pre-existing respiratory conditions such as asthma and pneumonia suffer the most. Prevent air pollution. #CleanAirForAll #CleanAirJoburg #CleanAir #SolutionToPollution https://t.co/2SlWSudr7a,Air pollution causes respiratory heart problems And already pre-existing respiratory conditions asthma pneumonia suffer Prevent air pollution,0,0,11,12,FALSE,"CleanAirForAll, CleanAirJoburg, CleanAir, SolutionToPollution",,"Johannesburg, South Africa",NEGATIVE,[0.02611485],,TRUE
247,256,78,1.31119E+18,Wed Sep 30 06:30:00 +0000 2020,"Emissions from the transport sector are a major contributor to climate change and have a significant impact on air quality. What can be done to mitigate the issue? Read more #transport #ClimateChange #cleanair
https://t.co/H2HK7UWg88",Emissions transport sector major contributor climate change significant impact air quality What done mitigate issue Read,0.21875,0.6875,0,0,FALSE,"transport, ClimateChange, cleanair",,,NEGATIVE,[0.35403842],,TRUE
24,26,26,1.24075E+18,Thu Mar 19 21:15:20 +0000 2020,"Instead of sitting in the traffic, we got to walk on the beach after work... without touching anyone #socialdistancing #covid #houtbay #beach #donttouchme #sunshine #freshair #stayhealthy #exercise #keithtwins @‚Ä¶ https://t.co/Sd1AWp1sGK",Instead sitting traffic got walk beach work ... without touching anyone ‚Ä¶,0.5,0.5,2,0,FALSE,"socialdistancing, covid, houtbay, beach, donttouchme, sunshine, freshair, stayhealthy, exercise, keithtwins",,"Hout Bay, South Africa",NEGATIVE,[0.06434599],,FALSE
47,49,49,1.23855E+18,Fri Mar 13 19:28:41 +0000 2020,Greta Thunberg üòÅ sorry I just had to...hoping this tweet gets some love üôà #GretaThunberg #co2emissions #coronavirus https://t.co/iLe4eTNTkK,Greta Thunberg sorry I ... hoping tweet gets love,0,0.8,0,0,FALSE,"GretaThunberg, co2emissions, coronavirus",,"Krugersdorp, South Africa",NEGATIVE,[0.32791674],,FALSE
148,155,52,1.26707E+18,Sun May 31 12:38:25 +0000 2020,"We‚Äôve recently published one of the few registry based studies from Africa, utilising the relatively well developed EMR and death registry in Botswana. Even with 18 authors it took us well over six months to collate, clean, and check these data‚Ä¶ 
https://t.co/OdWi7YjOAI
6/15",We ‚Äô recently published one registry based studies Africa utilising relatively well developed EMR death registry Botswana Even 18 authors took us well six months collate clean check data‚Ä¶ 6/15,0.116666667,0.3125,97,38,FALSE,,,,NEGATIVE,[0.39033622],,FALSE
159,167,64,1.28508E+18,Mon Jul 20 05:17:21 +0000 2020,"@subu_caps Good progress... a few years ago the UK made it so difficult for us foreign students, i couldn't wait to finish and leave...but also back to working on #AfricaAQ from #Nairobi   is where I wanna be :-) @ANGA_AtmosSci
@AirQualityKenya",Good progress ... years ago UK made difficult us foreign students could n't wait finish leave ... also back working I wan na,-0.025,0.375,4,0,,"AfricaAQ, Nairobi","subu_caps, ANGA_AtmosSci, AirQualityKenya","Nairobi, Kenya",NEGATIVE,[0.22375777],,FALSE
222,230,52,1.30179E+18,Fri Sep 04 07:50:29 +0000 2020,"@mphomoerane @COJ @CityofJoburgZA @CityPowerJhb @CleanerJoburg @JHBWater I reduce air pollution in my community by cleaning up rubbish &amp; involving the community; also educating the community to call onto @cleanerJoburg to collect their rubbish, instead of burning it.
#CleanAirForAll #CleanAirJoburg #unepafrica #unepas #unepas @CityofJoburgZA",I reduce air pollution community cleaning rubbish amp involving community also educating community call onto collect rubbish instead burning,0,0,2,1,,"CleanAirForAll, CleanAirJoburg, unepafrica, unepas, unepas","mphomoerane, COJ, CityofJoburgZA, CityPowerJhb, CleanerJoburg, JHBWater, CleanerJoburg, CityofJoburgZA",,NEGATIVE,[0.12755641],,FALSE
92,96,96,1.22E+18,Wed Jan 22 15:13:33 +0000 2020,"Plastic Pollution
Climate Change
Biodiversity Loss
Food Sustainability
Air Quality
Water Quality
 these challenges will affect billions of people.
#Reuters
#climatechange #ClimateCrisis @unenvironment @unhabitatyouth #BeatAirPollution
#earthquake @UNFCCC @K24Tv @KeForestService",Plastic Pollution Climate Change Biodiversity Loss Food Sustainability Air Quality Water Quality challenges affect billions people,0,0,23,5,,"Reuters, climatechange, ClimateCrisis, BeatAirPollution, earthquake","unhabitatyouth, UNFCCC, K24Tv, KeForestService","Nairobi, Kenya",NEGATIVE,[0.39946687],,FALSE
98,102,102,1.22542E+18,Thu Feb 06 13:59:50 +0000 2020,"After getting to know that air quality in Kampala is bad... We go ahead to purchase air monitoring equipments. 
The measures to #beatAirPollution are within our means.
- Stopping the burning of rubbish
- single use plastic ban
- tree planting etc https://t.co/oVfzHThpVx",After getting know air quality Kampala bad ... We go ahead purchase air monitoring equipments The measures within means Stopping burning rubbish single use plastic ban tree planting etc,-0.385714286,0.44047619,2,1,FALSE,beatAirPollution,,"Kampala, Uganda",NEGATIVE,[0.1036801],,TRUE
93,97,97,1.22148E+18,Sun Jan 26 16:58:20 +0000 2020,"The ‚Äúclimate war‚Äù risks eclipsing the ‚Äúwar on violent extremism‚Äù.
#climatechange #ClimateCrisis @unenvironment @unhabitatyouth #BeatAirPollution @vanessa_vash @MaimunahSharif @NamugerwaLeah @ThisIsZeroHour #SundayThoughts #ClimateStrike #ClimateNatureDebate",The ‚Äú climate war ‚Äù risks eclipsing ‚Äú war violent extremism ‚Äù,-0.8,1,6,2,,"climatechange, ClimateCrisis, BeatAirPollution, SundayThoughts, ClimateStrike, ClimateNatureDebate","unhabitatyouth, vanessa_vash, MaimunahSharif, NamugerwaLeah, ThisIsZeroHour","Nairobi, Kenya",NEGATIVE,[0.19301006],,FALSE
175,183,5,1.31381E+18,Wed Oct 07 11:53:19 +0000 2020,"Lagos has a population of over 20 million people, and if the recent data released by the World Bank is anything to go by, there is every reason to be afraid.
#pollution #pollutionfree #pollutionsolution #airpollution #lithiumbattery #lithium #polycrystalline",Lagos population 20 million people recent data released World Bank anything go every reason afraid,-0.3,0.575,1,1,,"pollution, pollutionfree, pollutionsolution, airpollution, lithiumbattery, lithium, polycrystalline",,,NEGATIVE,[0.30426282],,TRUE
137,143,40,1.27431E+18,Sat Jun 20 11:47:02 +0000 2020,"Another shit day in #africa Having a #beautiful walk at thaba_trails
#nature #blueskies huaweimobile huaweiza #phonephotography @ Alberton, Gauteng https://t.co/M6z77WlNdw",Another shit day Having walk thaba_trails huaweimobile huaweiza Alberton Gauteng,-0.2,0.8,0,0,FALSE,"africa, beautiful, nature, blueskies, phonephotography",,"Alberton, South Africa",NEGATIVE,[0.31560862],,TRUE
146,153,50,1.278E+18,Tue Jun 30 16:28:49 +0000 2020,"The #AirQuality data is open and available online, already this is a huge step https://t.co/CiBNQPh2IG",The data open available online already huge step,0.266666667,0.6,4,0,FALSE,AirQuality,,"Nairobi, Kenya",NEGATIVE,[0.3277625],,FALSE
18,20,20,1.22753E+18,Wed Feb 12 09:31:08 +0000 2020,Official update: Oceana Fishmeal Factory Hout Bay has closed. @kiaraworth @ikemoriz @EmmainSA @HBpartnership @HoutBayInfo @houtbaymag https://t.co/esXrlhuJZ6 #FAHB #Oceana #HoutBay #Houtbayfishmealfactory #houtbayHarbour #freshairforhoutbay #airpollution,Official update Oceana Fishmeal Factory Hout Bay closed,-0.1,0.1,3,0,FALSE,"FAHB, Oceana, HoutBay, Houtbayfishmealfactory, houtbayHarbour, freshairforhoutbay, airpollution","kiaraworth, ikemoriz, EmmainSA, HBpartnership, HoutBayInfo, houtbaymag","Hout Bay, South Africa",NEGATIVE,[0.04878709],,FALSE
252,261,83,1.28948E+18,Sat Aug 01 08:35:46 +0000 2020,"@gkimega @mmtairo I honestly think its the client who influenced the final outcome of the Architects design. Several reasons can be the cause of change and two major ones are.
1. Trying to save money by removing architectural elements
2.  Lack of Construction details for the Removed elements.",I honestly think client influenced final outcome Architects design Several reasons cause change two major ones 1 Trying save money removing architectural elements 2 Lack Construction details Removed elements,0.165625,0.6,17,2,,,"gkimega, mmtairo",,NEGATIVE,[0.09346667],,FALSE
134,140,37,1.27939E+18,Sat Jul 04 12:08:05 +0000 2020,"Isolation is causing havoc....missing the #outdoors, #cycling, #freshair, #dogsbarcking while cycling and #exploring the #neighborhood.",Isolation causing havoc ... .missing cycling,0,0,0,0,,"outdoors, cycling, freshair, dogsbarcking, exploring, neighborhood",,"Edenvale, South Africa",NEGATIVE,[0.01857737],,TRUE
255,264,86,1.31342E+18,Tue Oct 06 10:05:50 +0000 2020,"Installation work's on going...
#CloudQoCoolingSystems
#Hapakazituuüí™üèΩ 
#AirConditioning #HVAC  #realestateke https://t.co/z0JMjXWpUR",Installation work 's going ...,0,0,0,0,FALSE,"CloudQoCoolingSystems, Hapakazituu, AirConditioning, HVAC, realestateke",,"Nairobi, Kenya",NEGATIVE,[0.21390352],,FALSE
